id,winner_model_a,winner_model_b,winner_tie
136060,0.23476958522572616,0.1497747612772628,0.6154556534970111
211333,0.47817103894836777,0.2915693129378355,0.2302596481137967
1233961,0.3956479201903123,0.4178606338580853,0.18649144595160239
